round,agent_id,policy,total_reward
1,0,DDDQN,2.849122807017535
1,1,DDDQN,2.968421052631568
1,2,DDDQN,2.9842105263157794
1,3,DDDQN,2.980701754385956
1,4,PPO,3.012280701754375
1,5,PPO,2.8017543859649026
1,6,PPO,2.8491228070175336
1,7,PPO,2.9298245614034992
