round,agent_id,policy,total_reward
1,0,DDDQN,4.085964912280686
1,1,DDDQN,3.889473684210511
1,2,DDDQN,3.866666666666651
1,3,DDDQN,4.091228070175423
1,4,PPO,3.9175438596491063
1,5,PPO,3.8210526315789317
1,6,PPO,3.861403508771913
1,7,PPO,3.770175438596475
